<?xml version="1.0" encoding="UTF-8"?>
<?xml-model href="http://www.tei-c.org/release/xml/tei/custom/schema/relaxng/tei_all.rng" type="application/xml" schematypens="http://relaxng.org/ns/structure/1.0"?>
<?xml-model href="http://www.tei-c.org/release/xml/tei/custom/schema/relaxng/tei_all.rng" type="application/xml"
	schematypens="http://purl.oclc.org/dsdl/schematron"?>

<?xml-stylesheet type="text/css" href="visualize-tei-xml.css"?>

<TEI xmlns="http://www.tei-c.org/ns/1.0">
   <teiHeader>
      <fileDesc>
         <titleStmt>
            <title>Un soneto me manda hacer Violante</title>
            <author>Lope de Vega Carpio</author>
         </titleStmt>
         <publicationStmt>
            <publisher>Workshop's materials (Wrocław)</publisher>
            <date>14/10/2016</date>
         </publicationStmt>
         <sourceDesc>
            <listWit>
               <witness xml:id="wit-1965-PL">
                <bibl>
                  <title>Sonety hiszpańskie</title>
                  <pubPlace>Londyn</pubPlace>
                  <publisher>Oficyna Poetów i Malarzy</publisher>
                  <date>1965</date>
               </bibl></witness>
               <witness xml:id="wit-1617-O">
                  <bibl>
                  <author>Lope de Vega Carpio</author>
                  <title>La niña de la plata, Parte IX de Comedias de Lope de Vega</title>
                  <pubPlace>Madrid</pubPlace>
                  <date>1617</date>
               </bibl></witness>
            </listWit>            
         </sourceDesc>
      </fileDesc>
   </teiHeader>

   <text>
      <body>
         <lg type="soneto">
            <lg type="cuarteto">
               <l n="1"><hi rend="bold">U</hi>n soneto me manda hacer Violante,</l>
               <l n="2"><app>
                     <rdg wit="#wit-1617-O">que</rdg>
                     <rdg wit="#wit-1965-PL">y</rdg>
                  </app> en mi vida me he visto en <app>
                     <rdg wit="#wit-1617-O">tanto</rdg>
                     <rdg wit="#wit-1965-PL">tal</rdg>
                  </app> aprieto: </l>
               <l n="3">catorce versos dicen que es soneto;</l>
               <l n="4">burla burlando van los tres delante.</l>
            </lg>

            <lg type="cuarteto">
               <l n="5">Yo pensé que no hallara consonante</l>
               <l n="6">y estoy a la mitad de otro cuarteto;</l>
               <l n="7">mas si me veo en el primer terceto</l>
               <l n="8">no hay cosa en los cuartetos que me espante.</l>
            </lg>

            <lg type="terceto">
               <l n="9">Por el primer terceto voy entrando</l>
               <l n="10">y <app>
                     <rdg wit="#wit-1617-O"/>
                     <rdg wit="#wit-1965-PL"><choice>
                           <orig>aùn</orig>
                           <reg>aún</reg>
                        </choice></rdg>
                  </app> parece que entré con pie derecho,</l>
               <l n="11">pues fin con este verso <app>
                     <rdg wit="#wit-1617-O">le</rdg>
                     <rdg wit="#wit-1965-PL">la</rdg>
                  </app> voy dando.</l>
            </lg>

            <lg type="terceto">
               <l n="12">Ya estoy en el <choice>
                     <corr>segundo</corr>
                     <sic>sugundo</sic>
                  </choice>, y aun sospecho</l>
               <l n="13">que <app>
                     <rdg wit="#wit-1617-O">voy</rdg>
                     <rdg wit="#wit-1965-PL">estoy</rdg>
                  </app> los trece versos acabando:</l>
               <l n="14">contad si son catorce y está hecho.</l>
            </lg>
         </lg>
      
      </body>
   </text>
</TEI>
